source,target,type
0,1,undirected
0,2,undirected
0,3,undirected
0,4,undirected
0,5,undirected
0,6,undirected
0,7,undirected
0,8,undirected
0,9,undirected
0,10,undirected
0,11,undirected
0,12,undirected
0,13,undirected
0,14,undirected
0,15,undirected
0,16,undirected
0,17,undirected
0,18,undirected
0,19,undirected
0,20,undirected
0,21,undirected
0,22,undirected
0,23,undirected
0,24,undirected
0,25,undirected
0,26,undirected
0,27,undirected
0,28,undirected
0,29,undirected
0,30,undirected
0,31,undirected
0,32,undirected
0,33,undirected
0,34,undirected
0,35,undirected
0,36,undirected
0,37,undirected
0,38,undirected
0,39,undirected
0,40,undirected
0,41,undirected
0,42,undirected
0,43,undirected
0,44,undirected
0,45,undirected
0,46,undirected
0,47,undirected
0,48,undirected
0,49,undirected
0,50,undirected
0,51,undirected
0,52,undirected
0,53,undirected
0,54,undirected
0,55,undirected
0,56,undirected
0,57,undirected
0,58,undirected
0,59,undirected
0,60,undirected
0,61,undirected
0,62,undirected
0,63,undirected
0,64,undirected
0,65,undirected
0,66,undirected
0,67,undirected
0,68,undirected
0,69,undirected
0,70,undirected
0,71,undirected
0,72,undirected
0,73,undirected
0,74,undirected
0,75,undirected
0,76,undirected
0,77,undirected
0,78,undirected
0,79,undirected
0,80,undirected
0,81,undirected
0,82,undirected
0,83,undirected
0,84,undirected
0,85,undirected
0,86,undirected
0,87,undirected
0,88,undirected
0,89,undirected
0,90,undirected
0,91,undirected
0,92,undirected
0,93,undirected
0,94,undirected
0,95,undirected
0,96,undirected
0,97,undirected
0,98,undirected
0,99,undirected
0,100,undirected
0,101,undirected
0,102,undirected
0,103,undirected
0,104,undirected
0,105,undirected
0,106,undirected
0,107,undirected
0,108,undirected
0,109,undirected
0,110,undirected
0,111,undirected
0,112,undirected
0,113,undirected
0,114,undirected
0,115,undirected
0,116,undirected
0,117,undirected
0,118,undirected
0,119,undirected
0,120,undirected
0,121,undirected
0,122,undirected
0,123,undirected
0,124,undirected
0,125,undirected
0,126,undirected
0,127,undirected
0,128,undirected
0,129,undirected
0,130,undirected
0,131,undirected
0,132,undirected
0,133,undirected
0,134,undirected
0,135,undirected
0,136,undirected
0,137,undirected
0,138,undirected
0,139,undirected
0,140,undirected
0,141,undirected
0,142,undirected
0,143,undirected
0,144,undirected
0,145,undirected
0,146,undirected
0,147,undirected
0,148,undirected
0,149,undirected
0,150,undirected
0,151,undirected
0,152,undirected
0,153,undirected
0,154,undirected
0,155,undirected
0,156,undirected
0,157,undirected
0,158,undirected
0,159,undirected
0,160,undirected
0,161,undirected
0,162,undirected
0,163,undirected
0,164,undirected
0,165,undirected
0,166,undirected
0,167,undirected
0,168,undirected
0,169,undirected
0,170,undirected
0,171,undirected
0,172,undirected
0,173,undirected
0,174,undirected
0,175,undirected
0,176,undirected
0,177,undirected
0,178,undirected
0,179,undirected
0,180,undirected
0,181,undirected
0,182,undirected
0,183,undirected
0,184,undirected
0,185,undirected
0,186,undirected
0,187,undirected
0,188,undirected
0,189,undirected
0,190,undirected
0,191,undirected
0,192,undirected
0,193,undirected
0,194,undirected
0,195,undirected
0,196,undirected
0,197,undirected
0,198,undirected
0,199,undirected
0,200,undirected
0,201,undirected
0,202,undirected
0,203,undirected
0,204,undirected
0,205,undirected
0,206,undirected
0,207,undirected
0,208,undirected
0,209,undirected
0,210,undirected
0,211,undirected
0,212,undirected
0,213,undirected
0,214,undirected
0,215,undirected
0,216,undirected
0,217,undirected
0,218,undirected
0,219,undirected
0,220,undirected
0,221,undirected
0,222,undirected
0,223,undirected
0,224,undirected
0,225,undirected
0,226,undirected
0,227,undirected
0,228,undirected
0,229,undirected
0,230,undirected
0,231,undirected
0,232,undirected
0,233,undirected
0,234,undirected
0,235,undirected
0,236,undirected
0,237,undirected
0,238,undirected
0,239,undirected
0,240,undirected
0,241,undirected
0,242,undirected
0,243,undirected
0,244,undirected
0,245,undirected
0,246,undirected
0,247,undirected
0,248,undirected
0,249,undirected
0,250,undirected
0,251,undirected
0,252,undirected
0,253,undirected
0,254,undirected
0,255,undirected
0,256,undirected
0,257,undirected
0,258,undirected
0,259,undirected
0,260,undirected
0,261,undirected
0,262,undirected
0,263,undirected
0,264,undirected
0,265,undirected
0,266,undirected
0,267,undirected
0,268,undirected
0,269,undirected
0,270,undirected
0,271,undirected
0,272,undirected
0,273,undirected
0,274,undirected
0,275,undirected
0,276,undirected
0,277,undirected
0,278,undirected
0,279,undirected
0,280,undirected
0,281,undirected
0,282,undirected
0,283,undirected
0,284,undirected
0,285,undirected
0,286,undirected
0,287,undirected
0,288,undirected
0,289,undirected
0,290,undirected
0,291,undirected
0,292,undirected
0,293,undirected
0,294,undirected
0,295,undirected
0,296,undirected
0,297,undirected
0,298,undirected
0,299,undirected
0,300,undirected
0,301,undirected
0,302,undirected
0,303,undirected
0,304,undirected
0,305,undirected
0,306,undirected
0,307,undirected
0,308,undirected
0,309,undirected
0,310,undirected
0,311,undirected
0,312,undirected
0,313,undirected
0,314,undirected
0,315,undirected
0,316,undirected
0,317,undirected
0,318,undirected
0,319,undirected
0,320,undirected
0,321,undirected
0,322,undirected
0,323,undirected
0,324,undirected
0,325,undirected
0,326,undirected
0,327,undirected
0,328,undirected
0,329,undirected
0,330,undirected
0,331,undirected
0,332,undirected
0,333,undirected
0,334,undirected
0,335,undirected
0,336,undirected
0,337,undirected
0,338,undirected
0,339,undirected
0,340,undirected
0,341,undirected
0,342,undirected
0,343,undirected
0,344,undirected
0,345,undirected
0,346,undirected
0,347,undirected
1,48,undirected
1,53,undirected
1,54,undirected
1,73,undirected
1,88,undirected
1,92,undirected
1,119,undirected
1,126,undirected
1,133,undirected
1,194,undirected
1,236,undirected
1,280,undirected
1,299,undirected
1,315,undirected
1,322,undirected
1,346,undirected
2,20,undirected
2,115,undirected
2,116,undirected
2,149,undirected
2,226,undirected
2,312,undirected
2,326,undirected
2,333,undirected
2,343,undirected
3,9,undirected
3,25,undirected
3,26,undirected
3,67,undirected
3,72,undirected
3,85,undirected
3,122,undirected
3,142,undirected
3,170,undirected
3,188,undirected
3,200,undirected
3,228,undirected
3,274,undirected
3,280,undirected
3,283,undirected
3,323,undirected
4,78,undirected
4,152,undirected
4,181,undirected
4,195,undirected
4,218,undirected
4,273,undirected
4,275,undirected
4,306,undirected
4,328,undirected
5,87,undirected
5,122,undirected
5,156,undirected
5,158,undirected
5,169,undirected
5,180,undirected
5,187,undirected
5,204,undirected
5,213,undirected
5,235,undirected
5,315,undirected
5,316,undirected
6,89,undirected
6,95,undirected
6,147,undirected
6,219,undirected
6,319,undirected
7,22,undirected
7,31,undirected
7,38,undirected
7,65,undirected
7,87,undirected
7,103,undirected
7,129,undirected
7,136,undirected
7,168,undirected
7,213,undirected
7,246,undirected
7,291,undirected
7,304,undirected
7,308,undirected
7,315,undirected
7,322,undirected
7,339,undirected
7,340,undirected
7,347,undirected
8,91,undirected
8,110,undirected
8,193,undirected
8,201,undirected
8,245,undirected
8,259,undirected
8,264,undirected
9,21,undirected
9,25,undirected
9,26,undirected
9,30,undirected
9,56,undirected
9,66,undirected
9,67,undirected
9,69,undirected
9,72,undirected
9,75,undirected
9,79,undirected
9,85,undirected
9,105,undirected
9,113,undirected
9,119,undirected
9,122,undirected
9,128,undirected
9,133,undirected
9,134,undirected
9,141,undirected
9,142,undirected
9,148,undirected
9,156,undirected
9,161,undirected
9,169,undirected
9,170,undirected
9,176,undirected
9,185,undirected
9,186,undirected
9,188,undirected
9,199,undirected
9,200,undirected
9,203,undirected
9,224,undirected
9,231,undirected
9,232,undirected
9,252,undirected
9,258,undirected
9,271,undirected
9,272,undirected
9,276,undirected
9,277,undirected
9,280,undirected
9,285,undirected
9,291,undirected
9,295,undirected
9,297,undirected
9,304,undirected
9,315,undirected
9,322,undirected
9,323,undirected
9,329,undirected
9,334,undirected
9,341,undirected
9,342,undirected
10,67,undirected
10,142,undirected
10,169,undirected
10,200,undirected
10,277,undirected
10,285,undirected
10,291,undirected
10,323,undirected
10,332,undirected
13,21,undirected
13,26,undirected
13,56,undirected
13,59,undirected
13,65,undirected
13,67,undirected
13,82,undirected
13,98,undirected
13,109,undirected
13,118,undirected
13,119,undirected
13,148,undirected
13,172,undirected
13,188,undirected
13,199,undirected
13,211,undirected
13,223,undirected
13,236,undirected
13,238,undirected
13,239,undirected
13,252,undirected
13,261,undirected
13,265,undirected
13,271,undirected
13,277,undirected
13,304,undirected
13,313,undirected
13,325,undirected
13,332,undirected
13,342,undirected
14,20,undirected
14,28,undirected
14,41,undirected
14,115,undirected
14,116,undirected
14,144,undirected
14,149,undirected
14,151,undirected
14,214,undirected
14,226,undirected
14,310,undirected
14,312,undirected
14,326,undirected
14,343,undirected
16,29,undirected
16,82,undirected
16,118,undirected
16,172,undirected
16,261,undirected
16,329,undirected
16,331,undirected
16,332,undirected
17,19,undirected
17,41,undirected
17,111,undirected
17,115,undirected
17,116,undirected
17,137,undirected
17,140,undirected
17,144,undirected
17,214,undirected
17,310,undirected
17,312,undirected
17,326,undirected
19,41,undirected
19,89,undirected
19,112,undirected
19,115,undirected
19,138,undirected
19,174,undirected
19,175,undirected
19,214,undirected
19,227,undirected
19,289,undirected
19,293,undirected
19,312,undirected
19,319,undirected
19,343,undirected
20,41,undirected
20,44,undirected
20,111,undirected
20,115,undirected
20,149,undirected
20,162,undirected
20,214,undirected
20,226,undirected
20,312,undirected
20,326,undirected
20,333,undirected
20,343,undirected
21,25,undirected
21,26,undirected
21,31,undirected
21,39,undirected
21,40,undirected
21,55,undirected
21,56,undirected
21,66,undirected
21,67,undirected
21,88,undirected
21,98,undirected
21,104,undirected
21,105,undirected
21,108,undirected
21,109,undirected
21,119,undirected
21,121,undirected
21,122,undirected
21,123,undirected
21,127,undirected
21,134,undirected
21,136,undirected
21,142,undirected
21,159,undirected
21,161,undirected
21,165,undirected
21,169,undirected
21,170,undirected
21,184,undirected
21,186,undirected
21,188,undirected
21,197,undirected
21,200,undirected
21,203,undirected
21,212,undirected
21,223,undirected
21,232,undirected
21,235,undirected
21,236,undirected
21,239,undirected
21,248,undirected
21,251,undirected
21,252,undirected
21,271,undirected
21,272,undirected
21,274,undirected
21,277,undirected
21,280,undirected
21,281,undirected
21,284,undirected
21,297,undirected
21,304,undirected
21,308,undirected
21,313,undirected
21,315,undirected
21,322,undirected
21,323,undirected
21,325,undirected
21,332,undirected
21,334,undirected
21,342,undirected
21,345,undirected
22,87,undirected
22,158,undirected
22,168,undirected
22,185,undirected
22,277,undirected
22,308,undirected
22,324,undirected
22,339,undirected
22,347,undirected
23,51,undirected
23,61,undirected
23,83,undirected
23,99,undirected
23,116,undirected
23,124,undirected
23,144,undirected
23,155,undirected
23,175,undirected
23,190,undirected
23,227,undirected
23,230,undirected
23,237,undirected
23,240,undirected
23,245,undirected
23,267,undirected
24,53,undirected
24,57,undirected
24,80,undirected
24,92,undirected
24,94,undirected
24,101,undirected
24,180,undirected
24,187,undirected
24,194,undirected
24,242,undirected
24,249,undirected
24,266,undirected
24,299,undirected
24,302,undirected
24,346,undirected
25,26,undirected
25,31,undirected
25,39,undirected
25,40,undirected
25,51,undirected
25,56,undirected
25,65,undirected
25,67,undirected
25,69,undirected
25,72,undirected
25,73,undirected
25,76,undirected
25,79,undirected
25,83,undirected
25,84,undirected
25,88,undirected
25,94,undirected
25,98,undirected
25,103,undirected
25,104,undirected
25,105,undirected
25,113,undirected
25,119,undirected
25,122,undirected
25,130,undirected
25,141,undirected
25,148,undirected
25,158,undirected
25,169,undirected
25,170,undirected
25,176,undirected
25,185,undirected
25,186,undirected
25,188,undirected
25,199,undirected
25,200,undirected
25,203,undirected
25,221,undirected
25,224,undirected
25,231,undirected
25,232,undirected
25,236,undirected
25,237,undirected
25,239,undirected
25,246,undirected
25,252,undirected
25,257,undirected
25,270,undirected
25,271,undirected
25,272,undirected
25,276,undirected
25,277,undirected
25,280,undirected
25,283,undirected
25,285,undirected
25,288,undirected
25,290,undirected
25,291,undirected
25,297,undirected
25,322,undirected
25,323,undirected
25,325,undirected
25,331,undirected
25,332,undirected
25,336,undirected
26,40,undirected
26,55,undirected
26,56,undirected
26,62,undirected
26,66,undirected
26,67,undirected
26,69,undirected
26,72,undirected
26,79,undirected
26,98,undirected
26,104,undirected
26,109,undirected
26,113,undirected
26,118,undirected
26,119,undirected
26,122,undirected
26,123,undirected
26,128,undirected
26,133,undirected
26,134,undirected
26,141,undirected
26,142,undirected
26,158,undirected
26,161,undirected
26,169,undirected
26,170,undirected
26,172,undirected
26,176,undirected
26,185,undirected
26,186,undirected
26,188,undirected
26,199,undirected
26,200,undirected
26,203,undirected
26,212,undirected
26,223,undirected
26,224,undirected
26,232,undirected
26,236,undirected
26,239,undirected
26,248,undirected
26,252,undirected
26,257,undirected
26,265,undirected
26,271,undirected
26,276,undirected
26,277,undirected
26,280,undirected
26,285,undirected
26,291,undirected
26,295,undirected
26,297,undirected
26,298,undirected
26,304,undirected
26,308,undirected
26,313,undirected
26,315,undirected
26,322,undirected
26,323,undirected
26,325,undirected
26,332,undirected
26,334,undirected
27,54,undirected
27,119,undirected
27,324,undirected
27,329,undirected
28,41,undirected
28,115,undirected
28,116,undirected
28,140,undirected
28,144,undirected
28,149,undirected
28,151,undirected
28,226,undirected
28,310,undirected
28,312,undirected
28,326,undirected
29,40,undirected
29,82,undirected
29,106,undirected
29,118,undirected
29,172,undirected
29,203,undirected
29,211,undirected
29,231,undirected
29,247,undirected
29,252,undirected
29,338,undirected
30,48,undirected
30,56,undirected
30,73,undirected
30,178,undirected
30,188,undirected
30,200,undirected
30,213,undirected
30,224,undirected
30,236,undirected
30,271,undirected
30,303,undirected
30,304,undirected
30,322,undirected
30,329,undirected
30,331,undirected
31,51,undirected
31,67,undirected
31,83,undirected
31,84,undirected
31,109,undirected
31,122,undirected
31,129,undirected
31,142,undirected
31,168,undirected
31,200,undirected
31,237,undirected
31,252,undirected
31,277,undirected
31,280,undirected
31,291,undirected
31,304,undirected
31,308,undirected
31,338,undirected
31,339,undirected
32,93,undirected
32,137,undirected
32,167,undirected
32,310,undirected
32,337,undirected
33,42,undirected
34,173,undirected
34,348,undirected
34,414,undirected
34,428,undirected
35,143,undirected
36,108,undirected
36,127,undirected
36,135,undirected
36,184,undirected
36,197,undirected
36,251,undirected
36,281,undirected
36,284,undirected
36,309,undirected
36,320,undirected
38,117,undirected
38,141,undirected
38,178,undirected
38,248,undirected
38,322,undirected
38,332,undirected
38,339,undirected
39,69,undirected
39,105,undirected
39,119,undirected
39,121,undirected
39,141,undirected
39,161,undirected
39,165,undirected
39,200,undirected
39,257,undirected
39,277,undirected
39,280,undirected
39,313,undirected
40,56,undirected
40,67,undirected
40,72,undirected
40,77,undirected
40,113,undirected
40,132,undirected
40,133,undirected
40,141,undirected
40,142,undirected
40,158,undirected
40,169,undirected
40,172,undirected
40,199,undirected
40,200,undirected
40,203,undirected
40,212,undirected
40,213,undirected
40,224,undirected
40,231,undirected
40,232,undirected
40,239,undirected
40,257,undirected
40,258,undirected
40,265,undirected
40,271,undirected
40,272,undirected
40,274,undirected
40,277,undirected
40,280,undirected
40,298,undirected
40,304,undirected
40,307,undirected
40,315,undirected
40,317,undirected
40,322,undirected
40,325,undirected
40,329,undirected
40,332,undirected
40,334,undirected
41,44,undirected
41,93,undirected
41,111,undirected
41,115,undirected
41,116,undirected
41,137,undirected
41,140,undirected
41,144,undirected
41,151,undirected
41,214,undirected
41,226,undirected
41,230,undirected
41,243,undirected
41,310,undirected
41,312,undirected
41,326,undirected
41,337,undirected
41,343,undirected
44,111,undirected
44,312,undirected
44,343,undirected
45,67,undirected
45,104,undirected
45,122,undirected
45,132,undirected
45,142,undirected
45,186,undirected
45,200,undirected
45,221,undirected
45,303,undirected
45,322,undirected
45,345,undirected
46,143,undirected
46,175,undirected
46,177,undirected
46,278,undirected
47,301,undirected
48,53,undirected
48,54,undirected
48,57,undirected
48,73,undirected
48,80,undirected
48,88,undirected
48,119,undirected
48,126,undirected
48,130,undirected
48,180,undirected
48,199,undirected
48,203,undirected
48,271,undirected
48,299,undirected
48,302,undirected
48,320,undirected
48,322,undirected
48,330,undirected
48,332,undirected
49,192,undirected
49,241,undirected
49,255,undirected
50,109,undirected
50,113,undirected
50,119,undirected
50,146,undirected
50,148,undirected
50,203,undirected
50,277,undirected
50,314,undirected
50,331,undirected
50,334,undirected
51,83,undirected
51,84,undirected
51,237,undirected
52,192,undirected
53,54,undirected
53,88,undirected
53,92,undirected
53,94,undirected
53,101,undirected
53,130,undirected
53,146,undirected
53,180,undirected
53,191,undirected
53,194,undirected
53,196,undirected
53,204,undirected
53,213,undirected
53,242,undirected
53,248,undirected
53,249,undirected
53,254,undirected
53,260,undirected
53,266,undirected
53,299,undirected
53,302,undirected
53,315,undirected
53,317,undirected
53,322,undirected
53,330,undirected
53,332,undirected
53,346,undirected
54,119,undirected
54,313,undirected
54,329,undirected
55,56,undirected
55,67,undirected
55,104,undirected
55,122,undirected
55,123,undirected
55,170,undirected
55,185,undirected
55,186,undirected
55,200,undirected
55,203,undirected
55,239,undirected
55,252,undirected
55,261,undirected
55,277,undirected
56,59,undirected
56,60,undirected
56,62,undirected
56,63,undirected
56,66,undirected
56,67,undirected
56,72,undirected
56,75,undirected
56,82,undirected
56,88,undirected
56,98,undirected
56,103,undirected
56,104,undirected
56,109,undirected
56,113,undirected
56,118,undirected
56,119,undirected
56,122,undirected
56,128,undirected
56,132,undirected
56,134,undirected
56,136,undirected
56,141,undirected
56,142,undirected
56,161,undirected
56,169,undirected
56,170,undirected
56,172,undirected
56,185,undirected
56,186,undirected
56,188,undirected
56,199,undirected
56,200,undirected
56,203,undirected
56,207,undirected
56,211,undirected
56,212,undirected
56,213,undirected
56,221,undirected
56,222,undirected
56,223,undirected
56,231,undirected
56,232,undirected
56,238,undirected
56,239,undirected
56,252,undirected
56,261,undirected
56,265,undirected
56,271,undirected
56,272,undirected
56,276,undirected
56,277,undirected
56,285,undirected
56,290,undirected
56,291,undirected
56,297,undirected
56,298,undirected
56,303,undirected
56,304,undirected
56,313,undirected
56,315,undirected
56,322,undirected
56,323,undirected
56,325,undirected
56,331,undirected
56,332,undirected
56,334,undirected
56,341,undirected
56,342,undirected
57,80,undirected
57,92,undirected
57,108,undirected
57,184,undirected
57,204,undirected
57,213,undirected
57,242,undirected
57,249,undirected
57,277,undirected
57,302,undirected
57,320,undirected
57,346,undirected
58,107,undirected
58,171,undirected
58,269,undirected
58,1684,undirected
58,1912,undirected
58,2814,undirected
58,2838,undirected
58,2885,undirected
58,3003,undirected
58,3173,undirected
58,3290,undirected
59,82,undirected
59,98,undirected
59,118,undirected
59,172,undirected
59,186,undirected
59,203,undirected
59,211,undirected
59,238,undirected
59,239,undirected
59,250,undirected
59,252,undirected
59,261,undirected
59,268,undirected
59,271,undirected
59,325,undirected
59,342,undirected
60,158,undirected
60,239,undirected
60,285,undirected
60,291,undirected
60,313,undirected
60,322,undirected
61,193,undirected
62,67,undirected
62,96,undirected
62,98,undirected
62,122,undirected
62,130,undirected
62,133,undirected
62,141,undirected
62,142,undirected
62,161,undirected
62,170,undirected
62,186,undirected
62,199,undirected
62,200,undirected
62,223,undirected
62,224,undirected
62,236,undirected
62,239,undirected
62,261,undirected
62,276,undirected
62,318,undirected
62,322,undirected
62,323,undirected
62,341,undirected
63,261,undirected
63,271,undirected
63,313,undirected
63,342,undirected
64,100,undirected
64,119,undirected
64,150,undirected
64,171,undirected
64,189,undirected
64,217,undirected
65,82,undirected
65,118,undirected
65,203,undirected
65,252,undirected
65,261,undirected
65,297,undirected
65,314,undirected
65,339,undirected
66,67,undirected
66,113,undirected
66,122,undirected
66,134,undirected
66,142,undirected
66,239,undirected
66,252,undirected
66,304,undirected
66,308,undirected
66,334,undirected
67,69,undirected
67,72,undirected
67,75,undirected
67,79,undirected
67,82,undirected
67,98,undirected
67,104,undirected
67,109,undirected
67,113,undirected
67,118,undirected
67,119,undirected
67,122,undirected
67,123,undirected
67,128,undirected
67,134,undirected
67,136,undirected
67,141,undirected
67,142,undirected
67,156,undirected
67,158,undirected
67,161,undirected
67,169,undirected
67,170,undirected
67,185,undirected
67,186,undirected
67,188,undirected
67,196,undirected
67,199,undirected
67,200,undirected
67,203,undirected
67,212,undirected
67,213,undirected
67,223,undirected
67,224,undirected
67,236,undirected
67,239,undirected
67,248,undirected
67,252,undirected
67,261,undirected
67,265,undirected
67,271,undirected
67,272,undirected
67,277,undirected
67,280,undirected
67,285,undirected
67,290,undirected
67,297,undirected
67,303,undirected
67,304,undirected
67,308,undirected
67,313,undirected
67,315,undirected
67,322,undirected
67,323,undirected
67,324,undirected
67,325,undirected
67,332,undirected
67,334,undirected
67,342,undirected
67,344,undirected
67,345,undirected
68,99,undirected
68,143,undirected
68,175,undirected
68,177,undirected
68,225,undirected
68,227,undirected
68,263,undirected
68,296,undirected
69,105,undirected
69,121,undirected
69,236,undirected
69,304,undirected
70,230,undirected
71,230,undirected
71,307,undirected
72,113,undirected
72,132,undirected
72,141,undirected
72,165,undirected
72,172,undirected
72,199,undirected
72,200,undirected
72,212,undirected
72,232,undirected
72,239,undirected
72,252,undirected
72,271,undirected
72,272,undirected
72,291,undirected
72,298,undirected
72,329,undirected
73,88,undirected
73,126,undirected
73,130,undirected
73,299,undirected
73,331,undirected
75,85,undirected
75,170,undirected
75,188,undirected
75,200,undirected
75,258,undirected
75,272,undirected
75,274,undirected
75,304,undirected
75,322,undirected
75,323,undirected
76,270,undirected
77,117,undirected
77,231,undirected
77,294,undirected
77,332,undirected
78,181,undirected
78,195,undirected
78,218,undirected
78,273,undirected
78,275,undirected
78,306,undirected
78,328,undirected
79,119,undirected
79,185,undirected
79,188,undirected
79,200,undirected
79,252,undirected
79,271,undirected
79,272,undirected
80,88,undirected
80,92,undirected
80,94,undirected
80,101,undirected
80,173,undirected
80,180,undirected
80,187,undirected
80,194,undirected
80,204,undirected
80,213,undirected
80,242,undirected
80,249,undirected
80,266,undirected
80,299,undirected
80,300,undirected
80,315,undirected
80,320,undirected
80,330,undirected
80,346,undirected
81,269,undirected
81,286,undirected
82,84,undirected
82,98,undirected
82,118,undirected
82,119,undirected
82,121,undirected
82,123,undirected
82,148,undirected
82,158,undirected
82,169,undirected
82,170,undirected
82,172,undirected
82,199,undirected
82,203,undirected
82,211,undirected
82,222,undirected
82,231,undirected
82,238,undirected
82,252,undirected
82,261,undirected
82,268,undirected
82,271,undirected
82,313,undirected
82,314,undirected
82,318,undirected
82,325,undirected
82,331,undirected
83,84,undirected
83,237,undirected
84,224,undirected
84,236,undirected
84,237,undirected
84,265,undirected
84,276,undirected
84,304,undirected
84,313,undirected
85,156,undirected
85,170,undirected
85,176,undirected
85,188,undirected
85,258,undirected
85,271,undirected
85,272,undirected
85,274,undirected
85,322,undirected
85,323,undirected
86,175,undirected
86,177,undirected
86,225,undirected
86,227,undirected
86,278,undirected
87,136,undirected
87,161,undirected
87,213,undirected
87,246,undirected
87,291,undirected
87,308,undirected
87,315,undirected
87,322,undirected
87,339,undirected
88,106,undirected
88,126,undirected
88,130,undirected
88,164,undirected
88,178,undirected
88,186,undirected
88,236,undirected
88,242,undirected
88,303,undirected
88,322,undirected
88,336,undirected
89,95,undirected
89,147,undirected
89,219,undirected
89,319,undirected
89,327,undirected
90,179,undirected
91,110,undirected
91,193,undirected
91,201,undirected
91,245,undirected
91,259,undirected
91,264,undirected
92,94,undirected
92,101,undirected
92,180,undirected
92,187,undirected
92,194,undirected
92,196,undirected
92,204,undirected
92,242,undirected
92,249,undirected
92,254,undirected
92,266,undirected
92,299,undirected
92,302,undirected
92,330,undirected
92,346,undirected
93,111,undirected
93,137,undirected
93,167,undirected
93,310,undirected
93,337,undirected
94,101,undirected
94,180,undirected
94,187,undirected
94,194,undirected
94,204,undirected
94,242,undirected
94,249,undirected